PS No & Name,Address,Constituency Number
"1 - Chedda Nagar, Chembur, Mumbai-89","Modern English School, Gound Floor, Room No. 01 (Office Room ) ,New Bldg, Chedda Nagar, Chembur, Mumbai-89",173
"2 - Chedda Nagar, Chembur, Mumbai-89","Modern English School, Gound Floor, Room No. 02 (Beside Office Room ) ,New Bldg, Chedda Nagar, Chembur, Mumbai-89",173
"3 - Chedda Nagar, Chembur, Mumbai-89","Modern English School, Ground Floor Hall B, New Bldg, Chedda Nagar, Chembur, Mumbai-89",173
"4 - Chedda Nagar, Chembur, Mumbai-89","Modern English School, Room No.01, Gorund Floor, Primary School Bldg, Chedda Nagar, Chembur, Mumbai-89",173
"5 - Chedda Nagar, Chembur, Mumbai-89","Modern English School, Room No.02, Gorund Floor, Primary School Bldg, Chedda Nagar, Chembur, Mumbai-89",173
"6 - Chedda Nagar, Chembur, Mumbai-89","Modern English School, Room No.03, Gorund Floor, Primary School Bldg, Chedda Nagar, Chembur, Mumbai-89",173
"7 - Chedda Nagar, Chembur, Mumbai-89","Modern English School, Ground Floor Hall, New Bldg, Chedda Nagar, Chembur, Mumbai-89",173
"8 - P.L.Lokhande Marg, (South), Pestam Sagar,Chembur, Mumbai-89","Mumbai Public School Primary School No 4, Patrashed, Room No 01, Station road Chembur (sarva shiksha abhiyan) P.L.Lokhande Marg, Chembur, Mumbai-89",173
"9 - P.L.Lokhande Marg, (South), Pestam Sagar,Chembur, Mumbai-89","Mumbai Public School Primary School,Hall A, P.L.Lokhande Marg Station road Chembur, Mumbai-89",173
"10 - P.L.Lokhande Marg, (South), Pestam Sagar,Chembur, Mumbai-89","Mumbai Public School Primary School,Hall B, P.L.Lokhande Marg, Station road Chembur , Mumbai-89",173
"11 - P.L.Lokhande Marg, (South), Pestam Sagar,Chembur, Mumbai-89","Mumbai Public School Primary School, Ground , Pandol 01, P.L.Lokhande Marg, Station road Chembur, Mumbai-89",173
"12 - P.L.Lokhande Marg, (South), Pestam Sagar,Chembur, Mumbai-89","Mumbai Public School Primary School, Ground , Pandol 02, P.L.Lokhande Marg ,Station road Chembur, Mumbai-89",173
"13 - P.L.Lokhande Marg, (South), Pestam Sagar,Chembur, Mumbai-89","Mumbai Public School Primary School, Ground Floor , Hall C , P.L.Lokhande Marg, Station road Chembur, Mumbai-89",173
"14 - P.L.Lokhande Marg, (South), Pestam Sagar,Chembur, Mumbai-89","Mumbai Public School Primary School, Ground , Pandol 04, P.L.Lokhande Marg, Station road Chembur, Mumbai-89",173
"15 - P.L.Lokhande Marg, (South), Pestam Sagar,Chembur, Mumbai-89","Mumbai Public School Primary School No. 01, Room No. 02, Ground Floor P.L.Lokhande Marg, Station road Chembur, Mumbai-89",173
"16 - P.L.Lokhande Marg, (South), Pestam Sagar,Chembur, Mumbai-89","Mumbai Public School Primary School, Ground , Pandol 03, P.L.Lokhande Marg, Station road Chembur, Mumbai-89",173
"17 - P.L.Lokhande Marg, (South), Pestam Sagar,Chembur, Mumbai-89","Mumbai Public School Primary School, Room No. 3 (Ground Storied Patra A.C. Shed), P.L.Lokhande Marg, Station road Chembur, Mumbai-89",173
"18 - P.L.Lokhande Marg, (South), Pestam Sagar,Chembur, Mumbai-89","Mumbai Public School Primary School, Room No. 4 (Ground Storied Patra A.C. Shed), P.L.Lokhande Marg, Station road Chembur, Mumbai-89",173
"19 - P.L.Lokhande Marg, (South), Pestam Sagar,Chembur, Mumbai-89","Mumbai Public School Primary School, Room No. 5 (Ground Storied Patra A.C. Shed), P.L.Lokhande Marg, Station road Chembur, Mumbai-89",173
"20 - P.L.Lokhande Marg, (South), Pestam Sagar,Chembur, Mumbai-89","Mumbai Public School Primary School, Room No. 6 (Ground Storied Patra A.C. Shed), P.L.Lokhande Marg,Station road Chembur, Mumbai-89",173
"21 - P.L.Lokhande Marg, (South), Pestam Sagar,Chembur, Mumbai-89","Mumbai Public School Primary School, Room No. 7 (Ground Storied Patra A.C. Shed), P.L.Lokhande Marg, Station road Chembur, Mumbai-89",173
"22 - P.L.Lokhande Marg, (South), Pestam Sagar,Chembur, Mumbai-89","Mumbai Public School Primary School, Room No. 8 (Ground Storied Patra A.C. Shed), P.L.Lokhande Marg, Station road Chembur, Mumbai-89",173
"23 - P.L.Lokhande Marg, (South), Pestam Sagar,Chembur, Mumbai-89","Mumbai Public School Primary School, Room No. 9 ,Grd Flr.,(Ground Storied Patra A.C. Shed), P.L.Lokhande Marg, Station road Chembur, Mumbai-89",173
"24 - P.L.Lokhande Marg, (South), Pestam Sagar,Chembur, Mumbai-89","Mumbai Public School Primary School, Room No.10,Grd Flr. (Ground Storied Patra A.C. Shed), P.L.Lokhande Marg, Station road Chembur, Mumbai-89",173
"25 - P.L.Lokhande Marg, (South), Pestam Sagar,Chembur, Mumbai-89","Mumbai Public School Primary School, Room No. 11 (Ground Storied Patra A.C. Shed), P.L.Lokhande Marg, Station road Chembur, Mumbai-89",173
"26 - P.L.Lokhande Marg, (South), Pestam Sagar,Chembur, Mumbai-89","Mumbai Public School Primary School, Room No. 12,Grd.Flr, (Ground Storied Patra A.C. Shed), P.L.Lokhande Marg, Station road Chembur, Mumbai-89",173
"27 - P.L.Lokhande Marg, (South), Pestam Sagar,Chembur, Mumbai-89","Near Dr. Babasaheb Ambedkar Primary School, Open Space of the Old BMC Officer Colony, Pendal No. 1.",173
"28 - P.L.Lokhande Marg, (South), Pestam Sagar,Chembur, Mumbai-89","Near Dr. Babasaheb Ambedkar Primary School, Open Space of the Old BMC Officer Colony, Pendal No.2.",173
"29 - P.L.Lokhande Marg, (South), Pestam Sagar,Chembur, Mumbai-89","Near Dr. Babasaheb Ambedkar Primary School, Open Space of the Old BMC Officer Colony, Pendal No.3.",173
"30 - P.L.Lokhande Marg, (South), Pestam Sagar,Chembur, Mumbai-89","Near Dr. Babasaheb Ambedkar Primary School, Open Space of the Old BMC Officer Colony, Pendal No.4.",173
"31 - P.L.Lokhande Marg, (South), Pestam Sagar,Chembur, Mumbai-89","Near Dr. Babasaheb Ambedkar Primary School, Open Space of the Old BMC Officer Colony, Pendal No.5.",173
"32 - P.L.Lokhande Marg, (South), Pestam Sagar,Chembur, Mumbai-89","Near Dr. Babasaheb Ambedkar Primary School, Open Space of the Old BMC Officer Colony, Pendal No.6.",173
"33 - P.L.Lokhande Marg, (South), Pestam Sagar,Chembur, Mumbai-89","Near Dr. Babasaheb Ambedkar Primary School, Open Space of the Old BMC Officer Colony, Pendal No.7.",173
"34 - P.L.Lokhande Marg, (South), Pestam Sagar,Chembur, Mumbai-89","Near Dr. Babasaheb Ambedkar Primary School, Open Space of the Old BMC Officer Colony, Pendal No.8.",173
"35 - P.L.Lokhande Marg, (South), Pestam Sagar,Chembur, Mumbai-89","Near Dr. Babasaheb Ambedkar Primary School, Open Space of the Old BMC Officer Colony, Pendal No.9.",173
"36 - P.L.Lokhande Marg, (South), Pestam Sagar,Chembur, Mumbai-89","Near Dr. Babasaheb Ambedkar Primary School, Open Space of the Old BMC Officer Colony, Pendal No.10.",173
"37 - P.L.Lokhande Marg, (South), Pestam Sagar,Chembur, Mumbai-89","Near Dr. Babasaheb Ambedkar Primary School, Open Space of the Old BMC Officer Colony, Pendal No.11.",173
"38 - P.L.Lokhande Marg, (South), Pestam Sagar,Chembur, Mumbai-89","Near Dr. Babasaheb Ambedkar Primary School, Open Space of the Old BMC Officer Colony, Pendal No.12.",173
"39 - P.L.Lokhande Marg, (South), Pestam Sagar,Chembur, Mumbai-89","Mumbai Public School Primary School, Ground , Pandol 05, P.L.Lokhande Marg, Station road Chembur, Mumbai-89",173
"40 - P.L.Lokhande Marg, (South), Pestam Sagar,Chembur, Mumbai-89","Mumbai Public School Primary School, Ground , Pandol 06, P.L.Lokhande Marg, Station road Chembur, Mumbai-89",173
"41 - P.L.Lokhande Marg, (South), Pestam Sagar,Chembur, Mumbai-89","Mumbai Public School Primary School sankul , Ground floor, Hall Partition - D Station road chembur",173
"42 - P.L.Lokhande Marg, (South), Pestam Sagar,Chembur, Mumbai-89","Mumbai Public School Primary School, Patra Shed, Room NO. 13",173
"43 - P.L.Lokhande Marg, (South), Pestam Sagar,Chembur, Mumbai-89","Mumbai Public School Primary School, Patra Shed, Room NO. 14",173
"44 - P.L.Lokhande Marg, (South), Pestam Sagar,Chembur, Mumbai-89","Mumbai Public School Primary School No 1, open space at School building entry, Pendol No. 01, P.L. Lokhande marg, Chembur, Mumbai- 89",173
"45 - P.L.Lokhande Marg, (South), Pestam Sagar,Chembur, Mumbai-89","Mumbai Public School Primary School No 1, open space at School Hall entry, Pendol No. 02, P.L. Lokhande marg, Chembur, Mumbai- 89",173
"46 - P.L.Lokhande Marg, (South), Pestam Sagar,Chembur, Mumbai-89","Mumbai Public School Primary School No 1, open space at School Hall entry, Pendol No. 03, P.L. Lokhande marg, Chembur, Mumbai- 89",173
"47 - P.L.Lokhande Marg, (South), Pestam Sagar,Chembur, Mumbai-89","Open space Near municipal Health Center, Front of Station Chembur Municipal School main Gate Pendol No. 01, Chembur, Mumbai- 89",173
"48 - P.L.Lokhande Marg, (South), Pestam Sagar,Chembur, Mumbai-89","Open space Near municipal Health Center, Front of Station Chembur Municipal School main Gate Pendol No. 02, Chembur, Mumbai- 89",173
"49 - P.L.Lokhande Marg, (South), Pestam Sagar,Chembur, Mumbai-89","Open space Near municipal Health Center, Front of Station Chembur Municipal School main Gate Pendol No. 03, Chembur, Mumbai- 89",173
"50 - P.L.Lokhande Marg, (South), Pestam Sagar,Chembur, Mumbai-89","Open space Near municipal Health Center, Front of Station Chembur Municipal School main Gate Pendol No. 04, Chembur, Mumbai- 89",173
"51 - P.L.Lokhande Marg, (South), Pestam Sagar,Chembur, Mumbai-89","Open space Near municipal Health Center, Front of Station Chembur Municipal School main Gate Pendol No. 05, Chembur, Mumbai- 89",173
"52 - RamKrishna Chemburkar Marg (West), Chembur, Mumbai-71","Rationing Office Hall, R.C. Marg, Chembur, Mumbai-71",173
"53 - RamKrishna Chemburkar Marg (West), Chembur, Mumbai-71","Dy. Engineers Sub. Div. Development Office, R.C. Marg, Chembur, Mumbai-71",173
"54 - RamKrishna Chemburkar Marg (West), Chembur, Mumbai-71","Receiving Center for Beggers Home (Male) Room No 01 R.C. Marg, Chembur, Mumbai-71",173
"55 - RamKrishna Chemburkar Marg (West), Chembur, Mumbai-71","Receiving Center for Beggers Home (Male) Room No.2, R.C. Marg, Chembur, Mumbai-71",173
"56 - RamKrishna Chemburkar Marg (West), Chembur, Mumbai-71","Receiving Center for Beggers Home (Male) Room No.3, R.C. Marg, Chembur, Mumbai-71",173
"57 - 19 Street, Chembur, Mumbai-71.","General Education Acadamy Room No 01, Near Hall-B, Ground Floor, 19 Street, Chembur, Mumbai-71.",173
"58 - 19 Street, Chembur, Mumbai-71.","General Education Acadamy Nursury Hall-B, Ground Floor, 19 Street, Chembur, Mumbai-71.",173
"59 - 19 Street, Chembur, Mumbai-71.","General Education Acadamy Nursury Hall-A, Ground Floor, 19 Street, Chembur, Mumbai-71.",173
"60 - Subhash Nagar, Chembur, Mumbai-71","Shree Swami Muktanand High School, Ground Floor, Room No.1, Subhash Nagar, Chembur, Mumbai-71",173
"61 - Subhash Nagar, Chembur, Mumbai-71","Shree Swami Muktanand High School, Ground Floor, Hall -A, Subhash Nagar, Chembur, Mumbai-71",173
"62 - Subhash Nagar, Chembur, Mumbai-71","Shree Swami Muktanand High School, Ground Floor, Hall -B, Subhash Nagar, Chembur, Mumbai-71",173
"63 - Subhash Nagar, Chembur, Mumbai-71","Shree Swami Muktanand High School, Ground Floor, Hall -C, Subhash Nagar, Chembur, Mumbai-71",173
"64 - Subhash Nagar, Chembur, Mumbai-71","Mumbai Public School subhash nagar Upper Primary Hindi School, Ground Floor, Room No.01, Subhash Nagar, Chembur, Mumbai-71",173
"65 - Subhash Nagar, Chembur, Mumbai-71","Mumbai Public School subhash nagar Upper Primary Hindi School, Ground Floor, Room No.02, Subhash Nagar, Chembur, Mumbai-71",173
"66 - Subhash Nagar, Chembur, Mumbai-71","Mumbai Public School subhash nagar Upper Primary Hindi School, Ground Floor, Room No. 3, Subhash Nagar, Chembur, Mumbai-71",173
"67 - Subhash Nagar, Chembur, Mumbai-71","Mumbai Public School subhash nagar Upper Primary Hindi School, Ground Floor, Room No.5, Subhash Nagar, Chembur, Mumbai-71",173
"68 - Subhash Nagar, Chembur, Mumbai-71","Mumbai Public School subhash nagar Upper Primary Hindi School, Ground Floor, Room No. 6, Subhash Nagar, Chembur, Mumbai-71",173
"69 - Subhash Nagar, Chembur, Mumbai-71","Mumbai Public School subhash nagar Upper Primary Hindi School, Ground Floor, Room No.07, Subhash Nagar, Chembur, Mumbai-71",173
"70 - Subhash Nagar, Chembur, Mumbai-71","Mumbai Public School subhash nagar Upper Primary Hindi School, Ground Floor, Room No.08, Subhash Nagar, Chembur, Mumbai-71",173
"71 - Shri Narayan Gajanan Acharya Marg (South), Chembur, Mumbai-71","N.G.Acharya & D.K.Marathe College,Ground, , N.G.Acharya Marg (South), Chembur, Mumbai-71 Tent No. 01",173
"72 - Shri Narayan Gajanan Acharya Marg (South), Chembur, Mumbai-71","N.G.Acharya & D.K.Marathe College,Ground, , N.G.Acharya Marg (South), Chembur, Mumbai-71 Tent No. 02",173
"73 - Shri Narayan Gajanan Acharya Marg (South), Chembur, Mumbai-71","N.G.Acharya & D.K.Marathe College,Ground, , N.G.Acharya Marg (South), Chembur, Mumbai-71 Tent No. 03",173
"74 - Shri Narayan Gajanan Acharya Marg (South), Chembur, Mumbai-71","N.G.Acharya & D.K.Marathe College,Ground, , N.G.Acharya Marg (South), Chembur, Mumbai-71 Tent No. 04",173
"75 - Shri Narayan Gajanan Acharya Marg (South), Chembur, Mumbai-71","N.G.Acharya & D.K.Marathe College,Ground, , N.G.Acharya Marg (South), Chembur, Mumbai-71 Tent No. 05",173
"76 - Shri Narayan Gajanan Acharya Marg (South), Chembur, Mumbai-71","N.G.Acharya & D.K.Marathe College,Ground, , N.G.Acharya Marg (South), Chembur, Mumbai-71 Tent No. 06",173
"77 - Ashok Nagar, Borla, Govandi, Mumbai-88","Mumbai Public School Vaibhav nagar Marathi School Building, Ground Floor,Khardev Nagar, Chembur, Mumbai",173
"78 - Ashok Nagar, Borla, Govandi, Mumbai-88","Mumbai Public School Vaibhav nagar Marathi School Building, Ground Floor Hall A ,Khardev Nagar, Chembur, Mumbai",173
"79 - Ashok Nagar, Borla, Govandi, Mumbai-88","Mumbai Public School Vaibhav nagar Marathi School Building, Ground Floor Hall B ,Khardev Nagar, Chembur, Mumbai",173
"80 - Ashok Nagar, Borla, Govandi, Mumbai-88","Mumbai Public School Vaibhav nagar Marathi School Building, Ground Floor Hall C ,Khardev Nagar, Chembur, Mumbai",173
"81 - Ashok Nagar, Borla, Govandi, Mumbai-88","Mumbai Public School Vaibhav nagar Marathi School Building, Ground Floor Room No.01 (Sarva Shiksha Abhiyan Room) ,Khardev Nagar, Chembur, Mumbai",173
"82 - Vaibhav Nagar, Govandi, Mumbai-88","Ram Krushna Hari Kate English School, Room No.1, Amranath School (Back Side),Vaibahv Nagar,Govandi,Mumbai -88",173
"83 - Vaibhav Nagar, Govandi, Mumbai-88","Ram Krushna Hari Kate English School, Room No.2, Amranath School (Back Side)Vaibahv Nagar,Govandi,Mumbai -88",173
"84 - Vaibhav Nagar, Govandi, Mumbai-88","Ram Krushna Hari Kate English School, Room No.3, Amranath School (Back Side)Vaibahv Nagar,Govandi,Mumbai -88",173
"85 - Vaibhav Nagar, Govandi, Mumbai-88","Ram Krushna Hari Kate English School, Room No.4, Amranath School (Back Side)Vaibahv Nagar,Govandi,Mumbai -88",173
"86 - Vaibhav Nagar, Govandi, Mumbai-88","Ram Krushna Hari Kate English School, Room No.5, Amranath School (Back Side)Vaibahv Nagar,Govandi,Mumbai -88",173
"87 - Vaibhav Nagar, Govandi, Mumbai-88","Ram Krushna Hari Kate English School, Room No.6, Amranath School (Back Side)Vaibahv Nagar,Govandi,Mumbai -88",173
"88 - Vaibhav Nagar, Govandi, Mumbai-88","Khardeo Nagar BMC School, Room No-1",173
"89 - Vaibhav Nagar, Govandi, Mumbai-88","Khardeo Nagar BMC School, Room No-2",173
"90 - Vaibhav Nagar, Govandi, Mumbai-88","Khardeo Nagar BMC School, Room No-3",173
"91 - Vaibhav Nagar, Govandi, Mumbai-88","Amarnath High School & Junior College, Ground Floor, Room No. 4, Vaibhav Nagar, Govandi, Mumbai-88",173
"92 - Vaibhav Nagar, Govandi, Mumbai-88","Amarnath High School & Junior College, Ground Floor, Room No. 8, Vaibhav Nagar, Govandi, Mumbai-88",173
"93 - Vaibhav Nagar, Govandi, Mumbai-88","Mumbai Public School Ghatla Primary Municipal Hindi School , Ground Floor, Room No.3, Ghatala, Chembur, Mumbai",173
"94 - Vaibhav Nagar, Govandi, Mumbai-88","Amarnath High School & Junior College, Ground Floor, Room No.2, Vaibhav Nagar, Govandi, Mumbai-88",173
"95 - Vaibhav Nagar, Govandi, Mumbai-88","Amarnath High School & Junior College, Ground Floor, Room No.7, Vaibhav Nagar, Govandi, Mumbai-88",173
"96 - Vaibhav Nagar, Govandi, Mumbai-88","Amarnath High School & Junior College, Ground Floor, Room No. 3, Vaibhav Nagar, Govandi, Mumbai",173
"97 - Vaibhav Nagar, Govandi, Mumbai-88","Khardeo Nagar BMC School, Room No-4",173
"98 - 11th Street, Chembur, Mumbai-71","Sarswati Vidyalay, Room No.1, Ground Floor, 11th Street, Chembur, Mumbai-71",173
"99 - 11th Street, Chembur, Mumbai-71","Sarswati Vidyalay, Room No.3, Ground Floor, 11th Street, Chembur, Mumbai-71",173
"100 - 11th Street, Chembur, Mumbai-71","Sarswati Vidyalay, Room No.4, Ground Floor, 11th Street, Chembur, Mumbai-71",173
"101 - 11th Street, Chembur, Mumbai-71","Sarswati Vidyalay, Room No.5, Ground Floor, 11th Street, Chembur, Mumbai-71",173
"102 - 11th Street, Chembur, Mumbai-71","Sarswati Vidyalay, Room No.6, Ground Floor, 11th Street, Chembur, Mumbai-71",173
"103 - 11th Street, Chembur, Mumbai-71","Sarswati Vidyalay, Room No.7, Ground Floor, 11th Street, Chembur, Mumbai-71",173
"104 - 11th Street, Chembur, Mumbai-71","Sarswati Vidyalay, Room No.8, Ground Floor, 11th Street, Chembur, Mumbai-71",173
"105 - Borla, Ghatala, Chembur, Mumbai-71","Karanatak High School, Ground Floor, Room No. 1 , Borla, Ghatala, Chembur, Mumbai-71",173
"106 - Borla, Ghatala, Chembur, Mumbai-71","Karanatak High School, Ground Floor, Room No.2, Borla, Ghatala, Chembur, Mumbai-71",173
"107 - Borla, Ghatala, Chembur, Mumbai-71","Karanatak High School, Ground Floor, Room No.3, Borla, Ghatala, Chembur, Mumbai-71",173
"108 - Borla, Ghatala, Chembur, Mumbai-71","Karanatak High School, Ground Floor, Room No.4, Borla, Ghatala, Chembur, Mumbai-71",173
"109 - Borla, Ghatala, Chembur, Mumbai-71","Khardeo Nagar BMC School, Ground Floor, Room No-5",173
"110 - Borla, Ghatala, Chembur, Mumbai-71","Khardeo Nagar BMC School, Ground Floor, Room No-6",173
"111 - Borla, Ghatala, Chembur, Mumbai-71","Khardeo Nagar BMC School, Ground Floor, Room No-7",173
"112 - Borla, Ghatala, Chembur, Mumbai-71","Mumbai Public School Primary Municipal Marathi School No.1, Ground Floor, Room No.1, Ghatala, Chembur, Mumbai-71",173
"113 - Borla, Ghatala, Chembur, Mumbai-71","Mumbai Public School Primary Municipal Marathi School No.1,Ground Floor, Hall A, Ghatala, Chembur, Mumbai-71",173
"114 - Borla, Ghatala, Chembur, Mumbai-71","Mumbai Public School Primary Municipal Marathi School No.1,Ground Floor, Room No.2, Ghatala, Chembur, Mumbai-71",173
"115 - Borla, Ghatala, Chembur, Mumbai-71","Mumbai Public School Primary Municipal Marathi School No.1, Ground Floor, Hall B, Ghatala, Chembur, Mumbai-71",173
"116 - Borla, Ghatala, Chembur, Mumbai-71","Mumbai Public School Primary Municipal Marathi School No.1, Ground Floor, Office Room , Ghatala, Chembur, Mumbai-71",173
"117 - Borla, Ghatala, Chembur, Mumbai-71","Mumbai Public School Primary Municipal Marathi School No.1,Hall C, Grd.Flr.,Ghatala, Chembur, Mumbai-71",173
"118 - Borla, Ghatala, Chembur, Mumbai-71","Mumbai Public School Primary Municipal Marathi School Building , Gound Floor, Khardev Nagar School Office, Ghatala, Chembur, Mumbai-71",173
"119 - Borla, Ghatala, Chembur, Mumbai-71","Mumbai Public School Primary Municipal Marathi School No.1,Ground Floor, Hall D, Ghatala, Chembur, Mumbai-71",173
"120 - Borla, Ghatala, Chembur, Mumbai-71","Mumbai Public School Primary Municipal Marathi School No.1, Ground Floor, Room No.001, Near Hall , Ghatala, Chembur, Mumbai-71",173
"121 - Borla, Ghatala, Chembur, Mumbai-71","Mumbai Public School Primary Municipal Marathi School No.1,Ground Floor, Hall E, Ghatala, Chembur, Mumbai-71",173
"122 - Borla, Ghatala, Chembur, Mumbai-71","Mumbai Public School Primary Municipal Marathi School No.1, Ground Floor, Room No.002, Near Hall , Ghatala, Chembur, Mumbai-71",173
"123 - Borla, Ghatala, Chembur, Mumbai-71","Mumbai Public School Primary Municipal Marathi School No.1, Ground Floor, Room No.003, Near Hall , Ghatala, Chembur, Mumbai-71",173
"124 - Borla, Ghatala, Chembur, Mumbai-71","Mumbai Public School Primary Municipal Hindi School ,Ground Floor, Computor Room , Ghatala, Chembur, Mumbai-71",173
"125 - Borla, Ghatala, Chembur, Mumbai-71","Mumbai Public School Primary Municipal Marathi School No.1,Ground Floor, Room No.3, Ghatala, Chembur, Mumbai-71",173
"126 - Borla, Ghatala, Chembur, Mumbai-71","Mumbai Public School Primary Municipal Hindi School,Ground Floor,Room No.1, Ghatala, Chembur, Mumbai-71",173
"127 - Borla, Ghatala, Chembur, Mumbai-71","Mumbai Public School Primary Municipal Hindi School, Room no 3,Ghatala, Chembur, Mumbai-71",173
"128 - Borla, Ghatala, Chembur, Mumbai-71","Mumbai Public School Primary Municipal Hindi School,Ground Floor,Room No.2, Ghatala, Chembur, Mumbai-71",173
"129 - Vaibhav Nagar, Govandi, Mumbai-88","Amarnath High School & Junior College, Ground Floor, Room No. 6, Vaibhav Nagar, Govandi, Mumbai-91",173
"130 - Vaibhav Nagar, Govandi, Mumbai-88","Mumbai Public School Primary Municipal Hindi School,Ground Floor,Room No.4, Ghatala, Chembur, Mumbai-71",173
"131 - st.Anthony rd, chembur,mumbai-71","St.Anthony Girls High School,Ground flr,Room no.1,st.Anthony rd,Chembur,Mumbai-71",173
"132 - st.Anthony rd, chembur,mumbai-71","St.Anthony Girls High School,Ground flr,Room no.2,st.Anthony rd,Chembur,Mumbai-71",173
"133 - st.Anthony rd, chembur,mumbai-71","St.Anthony Girls High School,Ground flr,Room no.3,st.Anthony rd,Chembur,Mumbai-71",173
"134 - Vittal Narayan Purav Marg (North), Chembur, Mumbai-71","Bombey Assembly God Day School, Room No.1, V.N.Purav Marg ,Chembur, Mumbai-71",173
"135 - Vittal Narayan Purav Marg (North), Chembur, Mumbai-71","Bombey Assembly God Day School, Room No.2, V.N.Purav Marg ,Chembur, Mumbai-71",173
"136 - Vittal Narayan Purav Marg (North), Chembur, Mumbai-71","Bombey Assembly God Day School, Room No.3, V.N.Purav Marg ,Chembur, Mumbai-71",173
"137 - Vittal Narayan Purav Marg (North), Chembur, Mumbai-71","Bombey Assembly God Day School, Room No.4, V.N.Purav Marg ,Chembur, Mumbai-71",173
"138 - Ram Krishna Chemburkar Marg (East), Chembur, Mumbai-71","Chembur Naka,Muncipal Primary School No.1,Room No.1,old Bldg,Ground Flr, R.C.Marg,Chembur, Mumbai -71",173
"139 - Ram Krishna Chemburkar Marg (East), Chembur, Mumbai-71","Chembur Naka,Muncipal Primary School No.1,Room No.02,Grd Flr., R.C.Marg,Chembur, Mumbai -71",173
"140 - Ram Krishna Chemburkar Marg (East), Chembur, Mumbai-71","Chembur Naka,Muncipal Primary School No.1,Room No.3,old Bldg,Ground Flr, R.C.Marg,Chembur, Mumbai -71",173
"141 - Ram Krishna Chemburkar Marg (East), Chembur, Mumbai-71","Chembur Naka,Muncipal Primary School No.1,Room No.4,old Bldg, Gorund Floor., R.C.Marg,Chembur, Mumbai -71",173
"142 - Ram Krishna Chemburkar Marg (East), Chembur, Mumbai-71","Chembur Naka,Muncipal Primary School No.1,Room No.5,old Bldg,Ground Flr, R.C.Marg,Chembur, Mumbai -71",173
"143 - Ram Krishna Chemburkar Marg (East), Chembur, Mumbai-71","Chembur Naka,Muncipal Primary School No.1, Ground Pendol ,R.C.Marg,Chembur, Mumbai -71",173
"144 - Ram Krishna Chemburkar Marg (East), Chembur, Mumbai-71","Chembur Naka Education Soc. Primary School, Room No.1, R.C. Marg, Chembur, Mumbai-71",173
"145 - Ram Krishna Chemburkar Marg (East), Chembur, Mumbai-71","Chembur Naka Education Soc. Primary School, Room No.2., R.C. Marg, Chembur, Mumbai-71",173
"146 - Ram Krishna Chemburkar Marg (East), Chembur, Mumbai-71","Chembur Naka Education Soc. Primary School, Room No.3, R.C. Marg, Chembur, Mumbai-71",173
"147 - Ram Krishna Chemburkar Marg (East), Chembur, Mumbai-71","Chembur Naka Education Soc. Primary School, Room No.4, R.C. Marg, Chembur, Mumbai-71",173
"148 - Ram Krishna Chemburkar Marg (East), Chembur, Mumbai-71","Chembur Naka Education Soc. Primary School, Room No.5, R.C. Marg, Chembur, Mumbai-71",173
"149 - Ram Krishna Chemburkar Marg (East), Chembur, Mumbai-71","Chembur Naka Education Soc. Primary School, Room No.6, R.C. Marg, Chembur, Mumbai-71",173
"150 - Ram Krishna Chemburkar Marg (East), Chembur, Mumbai-71","Chembur Naka Education Soc. Primary School, Room No.1, R.C. Marg, Chembur, Mumbai-71",173
"151 - Vittal Narayan Purav Marg (South), Chembur, Mumbai-71","Chembur Naka Education Soc. Primary School, Room No.2, R.C. Marg, Chembur, Mumbai-71",173
"152 - Ram Krishna Chemburkar Marg (East), Chembur, Mumbai-71","Chembur Naka Education Soc. Primary School, Room No.3, R.C. Marg, Chembur, Mumbai-71",173
"153 - Ram Krishna Chemburkar Marg (East), Chembur, Mumbai-71","Chembur Naka Education Soc. Primary School, Room No.4, R.C. Marg, Chembur, Mumbai-71",173
"154 - Ram Krishna Chemburkar Marg (East), Chembur, Mumbai-71","Chembur Naka Education Soc. Primary School, Room No.7, R.C. Marg, Chembur, Mumbai-71",173
"155 - Ram Krishna Chemburkar Marg (East), Chembur, Mumbai-71","Chembur Naka Education Soc. Primary School, Room No.9, R.C. Marg, Chembur, Mumbai-71",173
"156 - Vitthal Narayan Purav Marg (South), Chembur, Mumbai-71","Mahatam Education Soc, Ground Floor, Hall .V.N.Purav Marg(S),Chembur,Mumbai-71",173
"157 - Vitthal Narayan Purav Marg (South), Chembur, Mumbai-71","St. Georges High School, Room No.1, V.N.Purav Marg, Chembur, Mumbai-71",173
"158 - Vitthal Narayan Purav Marg (South), Chembur, Mumbai-71","St. Georges High School, Room No.2, V.N.Purav Marg, Chembur, Mumbai-71",173
"159 - Vitthal Narayan Purav Marg (South), Chembur, Mumbai-71","St. Georges High School, Room No.3, V.N.Purav Marg, Chembur, Mumbai-71",173
"160 - Vitthal Narayan Purav Marg (South), Chembur, Mumbai-71","St. Georges High School, Room No.4, V.N.Purav Marg, Chembur, Mumbai-71",173
"161 - Vitthal Narayan Purav Marg (South), Chembur, Mumbai-71","St. Georges High School, Room No.5, V.N.Purav Marg, Chembur, Mumbai-71",173
"162 - Ram Krishna Chemburkar Marg (East), Chembur, Mumbai-71","Basant Park HSG Office Hall A, R.C.Marg, Chembur, Mumbai-71",173
"163 - Ram Krishna Chemburkar Marg (East), Chembur, Mumbai-71","Basant Park HSG Office Hall E , R.C.Marg, Chembur, Mumbai-71",173
"164 - Ram Krishna Chemburkar Marg (East), Chembur, Mumbai-71","Basant Park HSG Office Hall B, R.C.Marg, Chembur, Mumbai-71",173
"165 - Ram Krishna Chemburkar Marg (East), Chembur, Mumbai-71","Basant Park HSG Office Hall C, R.C.Marg, Chembur, Mumbai-71",173
"166 - Ram Krishna Chemburkar Marg (East), Chembur, Mumbai-71","Basant Park HSG Office Hall D, R.C.Marg, Chembur, Mumbai-71",173
"167 - Sir Senapati Tatya Tope Marg (South), Mumbai-22","Padmabhushan Vasant Dada Patil Pratishtan Engineering College,Ground, Sir Senapati Tatya Tope Marg (South), Mumbai-22 Tent No. 01",173
"168 - Sir Senapati Tatya Tope Marg (South), Mumbai-22","Padmabhushan Vasant Dada Patil Pratishtan Engineering College,Ground, Sir Senapati Tatya Tope Marg (South), Mumbai-22 Tent No. 02",173
"169 - Sir Senapati Tatya Tope Marg (South), Mumbai-22","Padmabhushan Vasant Dada Patil Pratishtan Engineering College,Ground, Sir Senapati Tatya Tope Marg (South), Mumbai-22 Tent No. 03",173
"170 - Sir Senapati Tatya Tope Marg (South), Mumbai-22","Padmabhushan Vasant Dada Patil Pratishtan Engineering College,Ground, Sir Senapati Tatya Tope Marg (South), Mumbai-22 Tent No. 04",173
"171 - Sir Senapati Tatya Tope Marg (South), Mumbai-22","Padmabhushan Vasant Dada Patil Pratishtan Engineering College,Ground, Sir Senapati Tatya Tope Marg (South), Mumbai-22 Tent No. 05",173
"172 - Vitthal Narayan Purav Marg (North), Chembur, Mumbai-71","Swami Vivekanand High School & Junior College, Hall C, V.N.Purav Marg(South), Chembur, Mumbai -71",173
"173 - Vitthal Narayan Purav Marg (south), Chembur, Mumbai-71","Swami Vivekanand High School & Junior College, Hall A, V.N.Purav Marg(South), Chembur, Mumbai -71",173
"174 - Vitthal Narayan Purav Marg (South), Chembur, Mumbai-71","Swami Vivekanand High School & Junior College, Hall D, V.N.Purav Marg(South), Chembur, Mumbai -71",173
"175 - Vitthal Narayan Purav Marg (South), Chembur, Mumbai-71","Swami Vivekanand High School & Junior College, Ground Floor, Sports Room, V.N.Purav Marg(South), Chembur, Mumbai -71",173
"176 - Vitthal Narayan Purav Marg (South), Chembur, Mumbai-71","Swami Vivekanand High School & Junior College, Ground Floor, Hall B, V.N.Purav Marg(South), Chembur, Mumbai -71",173
"177 - Vitthal Narayan Purav Marg (South), Chembur, Mumbai-71","Swami Vivekanand High School & Junior College, Gound Floor,Music Room, V.N.Purav Marg(South), Chembur, Mumbai -71",173
"178 - Vitthal Narayan Purav Marg (South), Chembur, Mumbai-71","Anand Nagar, Upper Primary Marathi Mumbai Public School No. 1, Room No.1, V.N.Purav Marg (South), Chembur, Mumbai-71",173
"179 - Vitthal Narayan Purav Marg (South), Chembur, Mumbai-71","Anand Nagar, Upper Primary Marathi Mumbai Public School No. 1, Room No.२, V.N.Purav Marg (South), Chembur, Mumbai-71",173
"180 - Vittal Narayan Purav Marg (South), Chembur, Mumbai-71","Anand Nagar, Upper Primary Marathi Mumbai Public School No. 1, Room No.3, V.N.Purav Marg(South), Chembur, Mumbai-71",173
"181 - Vittal Narayan Purav Marg (South), Chembur, Mumbai-71","Anand Nagar, Upper Primary Marathi Mumbai Public School No. 1, Room No.4, V.N.Purav Marg(South), Chembur, Mumbai-71",173
"182 - Vittal Narayan Purav Marg (South), Chembur, Mumbai-71","Anand Nagar, Upper Primary Marathi Mumbai Public School No. 1, Room No.5, V.N.Purav Marg(South), Chembur, Mumbai-71",173
"183 - Vittal Narayan Purav Marg (South), Chembur, Mumbai-71","Anand Nagar, Upper Primary Marathi Mumbai Public School No. 1, Room No.6, V.N.Purav Marg(South), Chembur, Mumbai-71",173
"184 - Vittal Narayan Purav Marg (South), Chembur, Mumbai-71","Anand Nagar, Upper Primary Marathi Mumbai Public School No. 1, Room No.7, V.N.Purav Marg(South), Chembur, Mumbai-71",173
"185 - Vittal Narayan Purav Marg (South), Chembur, Mumbai-71","Anand Nagar, Upper Primary Marathi Mumbai Public School No. 1, Room No.8, V.N.Purav Marg(South), Chembur, Mumbai-71",173
"186 - Vittal Narayan Purav Marg (South), Chembur, Mumbai-71","Anand Nagar, Upper Primary Marathi Mumbai Public School No. 1, Room No.9, V.N.Purav Marg(South), Chembur, Mumbai-71",173
"187 - Vittal Narayan Purav Marg (South), Chembur, Mumbai-71","Anand Nagar, Upper Primary Marathi Mumbai Public School No. 1, Room No.10, V.N.Purav Marg(South), Chembur, Mumbai-71",173
"188 - Vittal Narayan Purav Marg (South), Chembur, Mumbai-71","Anand Nagar, Upper Primary Marathi Mumbai Public School No. 1, Room No.11, V.N.Purav Marg(South), Chembur, Mumbai-71",173
"189 - Vittal Narayan Purav Marg (South), Chembur, Mumbai-71","Anand Nagar, Upper Primary Marathi Mumbai Public School No. 1, Room No.12, V.N.Purav Marg(South), Chembur, Mumbai-71",173
"190 - Vittal Narayan Purav Marg (South), Chembur, Mumbai-71","Anand Nagar, Upper Primary Marathi Mumbai Public School No. 1, Room No.13, V.N.Purav Marg(South), Chembur, Mumbai-71",173
"191 - Vittal Narayan Purav Marg (South), Chembur, Mumbai-71","Anand Nagar, Upper Primary Marathi Mumbai Public School No. 1, Room No.14, V.N.Purav Marg(South), Chembur, Mumbai-71",173
"192 - Vittal Narayan Purav Marg (South), Chembur, Mumbai-71","Anand Nagar, Upper Primary Marathi Mumbai Public School No.2, Room No.1, V.N.Purav Marg(South), Chembur, Mumbai-71",173
"193 - Vittal Narayan Purav Marg (South), Chembur, Mumbai-71","Anand Nagar, Upper Primary Marathi Mumbai Public School No.2, Room No.2, V.N.Purav Marg(South), Chembur, Mumbai-71",173
"194 - Vittal Narayan Purav Marg (South), Chembur, Mumbai-71","Anand Nagar, Upper Primary Marathi Mumbai Public School No.2, Room No.3, V.N.Purav Marg(South), Chembur, Mumbai-71",173
"195 - Vittal Narayan Purav Marg (South), Chembur, Mumbai-71","Anand Nagar, Upper Primary Marathi Mumbai Public School No.2, Room No.4, V.N.Purav Marg(South), Chembur, Mumbai-71",173
"196 - Vittal Narayan Purav Marg (South), Chembur, Mumbai-71","Anand Nagar, Upper Primary Marathi Mumbai Public School No.2, Room No.5, V.N.Purav Marg(South), Chembur, Mumbai-71",173
"197 - Vittal Narayan Purav Marg (South), Chembur, Mumbai-71","Anand Nagar, Upper Primary Marathi Mumbai Public School No.2, Room No.6, V.N.Purav Marg(South), Chembur, Mumbai-71",173
"198 - Vittal Narayan Purav Marg (South), Chembur, Mumbai-71","Anand Nagar, Upper Primary Marathi Mumbai Public School No.2, Room No.7, V.N.Purav Marg(South), Chembur, Mumbai-71",173
"199 - Vittal Narayan Purav Marg (South), Chembur, Mumbai-71","Anand Nagar, Upper Primary Marathi Mumbai Public School No.2, Room No.8, V.N.Purav Marg(South), Chembur, Mumbai-71",173
"200 - Vittal Narayan Purav Marg (South), Chembur, Mumbai-71","Anand Nagar, Upper Primary Marathi Mumbai Public School No. 2, Room No.9, V.N.Purav Marg(South), Chembur, Mumbai-71",173
"201 - Vittal Narayan Purav Marg (South), Chembur, Mumbai-71","Anand Nagar, Upper Primary Marathi Mumbai Public School No. 2, Room No.10, V.N.Purav Marg(South), Chembur, Mumbai-71",173
"202 - Vittal Narayan Purav Marg (South), Chembur, Mumbai-71","Swami Vivekanand High School & Junior College Ground , Pendol No 01, V.N.Purav Marg(South), Chembur, Mumbai -71",173
"203 - Vittal Narayan Purav Marg (South), Chembur, Mumbai-71","Swami Vivekanand High School & Junior College Ground , Pendol No 02, V.N.Purav Marg(South), Chembur, Mumbai -71",173
"204 - Vittal Narayan Purav Marg (South), Chembur, Mumbai-71","Swami Vivekanand High School & Junior College Ground , Pendol No 03, V.N.Purav Marg(South), Chembur, Mumbai -71",173
"205 - Vittal Narayan Purav Marg (South), Chembur, Mumbai-71","Swami Vivekanand High School & Junior College Ground , Pendol No 04, V.N.Purav Marg(South), Chembur, Mumbai -71",173
"206 - Borla Co.op. Soc. Chembur, Mumbai-74","Bldg. No. 5, Managing Committee Hall, Borla Co.op. Soc. Chembur, Mumbai-74",173
"207 - Chembur Colony, Chembur, Mumbai-74","Chembur Camp Municipal Urdu Primary School No 1, Room No. 1, Ground Floor, Chembur, Mumbai-74",173
"208 - Chembur Colony, Chembur, Mumbai-74","Chembur Camp Municipal Urdu Primary School No 1, Room No. 2, Ground Floor, Chembur, Mumbai-74",173
"209 - Chembur Colony, Chembur, Mumbai-74","Chembur Camp Municipal Urdu Primary School No 1, Ground Pendol 01, Chembur, Mumbai-74",173
"210 - Chembur Colony, Chembur, Mumbai-74","Chembur Camp Municipal Urdu Primary School No 1, Room No. 7, Ground Floor, Chembur, Mumbai-74",173
"211 - Chembur Colony, Chembur, Mumbai-74","Chembur Camp Municipal Urdu Primary School No 1, Room No. 8, Ground Floor, Chembur, Mumbai-74",173
"212 - Chembur Colony, Chembur, Mumbai-74","Chembur Camp Municipal Urdu Primary School No 2, Room No. 9, Ground Floor, Chembur, Mumbai-74",173
"213 - Chembur Colony, Chembur, Mumbai-74","Chembur Camp Municipal Urdu Primary School No 1, Ground Pendol 02, Chembur, Mumbai-74",173
"214 - Chembur Colony, Chembur, Mumbai-74","Chembur Camp Municipal Urdu Primary School No.1, Room No. 12, Ground Floor, Chembur, Mumbai-74",173
"215 - Chembur Colony, Chembur, Mumbai-74","Chembur Camp Municipal Urdu Primary School No.1, Room No. 13, Ground Floor, Chembur, Mumbai-74",173
"216 - Chembur Colony, Chembur, Mumbai-74","Chembur Camp Municipal Urdu Primary School No 1, Ground Pendol 03, Chembur, Mumbai-74",173
"217 - Chembur Colony, Chembur, Mumbai-74","Chembur Camp Municipal Urdu Primary School No.1, Room No. 14, Ground Floor, Chembur, Mumbai-74",173
"218 - Chembur Colony, Chembur, Mumbai-74","Chembur Camp Municipal Urdu Primary School No 1, Ground Pendol 04, Chembur, Mumbai-74",173
"219 - Mahatma Gandhi Nagar, Ram krishna Chemburkar Marg, Chembur, Mumbai-74","Sadhu Waswani High School, Ground Pendol No .01, Chembur, Mumbai-71",173
"220 - Mahatma Gandhi Nagar, Ram krishna Chemburkar Marg, Chembur, Mumbai-74","Sadhu Waswani High School, Ground Pendol No .02, Chembur, Mumbai-71",173
"221 - Chembur Colony, Chembur, Mumbai-74","Sadhu Waswani High School, Ground Pendol No .03, Chembur, Mumbai-71",173
"222 - Chembur Colony, Chembur, Mumbai-74","Sadhu Waswani High School, Ground Pendol No .04, Chembur, Mumbai-71",173
"223 - Chembur Colony, Chembur, Mumbai-74","Chembur Camp Municipal Urdu Primary School No 1, Ground Pendol 05, Chembur, Mumbai-74",173
"224 - Chembur Colony, Chembur, Mumbai-74","Chembur Camp Municipal Urdu Primary School No 1, Ground Pendol 06, Chembur, Mumbai-74",173
"225 - Chembur Colony, Chembur, Mumbai-74","Sadhu Waswani High School, Ground Pendol No .05, Chembur, Mumbai-71",173
"226 - Chembur Colony, Chembur, Mumbai-74","Sadhu Waswani High School, Ground Pendol No .06, Chembur, Mumbai-71",173
"227 - Chembur Colony, Chembur, Mumbai-74","Sadhu Waswani High School, Ground Pendol No .07, Chembur, Mumbai-71",173
"228 - Chembur Colony, Chembur, Mumbai-74","Sadhu Waswani High School, Ground Pendol No .08, Chembur, Mumbai-71",173
"229 - Chembur Colony, Chembur, Mumbai-74","Chembur Camp Municipal Urdu Primary School No 1, Ground Pendol 07, Chembur, Mumbai-74",173
"230 - Ram Krishna Chemburkar Marg (East), Chembur, Mumbai-74","Mumbai Public School Collector colony School, Ground Floor , Room no . 01, Collector Colony Road, Chembur, Mumbai- 400 074",173
"231 - Ram Krishna Chemburkar Marg (East), Chembur, Mumbai-74","Mumbai Public School Collector colony School, Ground Floor , Room no . 02, Collector Colony Road, Chembur, Mumbai- 400 074",173
"232 - Ram Krishna Chemburkar Marg (East), Chembur, Mumbai-74","Mumbai Public School Collector colony School, Ground Floor , Room no . 03, Collector Colony Road, Chembur, Mumbai- 400 074",173
"233 - Collector Colony BMC School, Ground Floor , Room no . 04, Collector Colony Road, Chembur, Mumbai- 400 074","Mumbai Public School Collector colony School, Ground Floor , Sports Hall A, Collector Colony Road, Chembur, Mumbai- 400 074",173
"234 - Ram Krishna Chemburkar Marg (East), Chembur, Mumbai-74","Mumbai Public School Collector colony School, Ground Floor , Sports Hall B, Collector Colony Road, Chembur, Mumbai- 400 074",173
"235 - Ram Krishna Chemburkar Marg (West), Chembur, Mumbai-74","Shri. Sanatan Dharma Vidyalaya, Pre-Primary Dept. Ground Floor, Room No.01, R.C.Marg (West), Chembur, Mumbai 74",173
"236 - Ram Krishna Chemburkar Marg (West), Chembur, Mumbai-74","Shri. Sanatan Dharma Vidyalaya, Pre-Primary Dept. Ground Floor, Room No.02, R.C.Marg (West), Chembur, Mumbai 74",173
"237 - Ram Krishna Chemburkar Marg (West), Chembur, Mumbai-74","Shri. Sanatan Dharma Vidyalaya, Pre-Primary Dept. Ground Floor, Room No.03, R.C.Marg (West), Chembur, Mumbai 74",173
"238 - Ram Krishna Chemburkar Marg (West), Chembur, Mumbai-74","Mumbai Public School,Maravali School Compound, M East Divison,BMC School, Ground Floor, Room No-01, R.C.Marg, Chembur, Mumbai - 74.",173
"239 - Ram Krishna Chemburkar Marg (West), Chembur, Mumbai-74","Mumbai Public School,Maravali School Compound, M East Divison,BMC School, Ground Floor, Room No-02, R.C.Marg, Chembur, Mumbai - 74.",173
"240 - Ram Krishna Chemburkar Marg (West), Chembur, Mumbai-74","Mumbai Public School,Maravali School Compound, M East Divison,BMC School, Ground Floor, Room No-03, R.C.Marg, Chembur, Mumbai - 74.",173
"241 - Ram Krishna Chemburkar Marg (West), Chembur, Mumbai-74","Mumbai Public School,Maravali School Compound, M East Divison,BMC School, Ground Floor, Room No-04, R.C.Marg, Chembur, Mumbai - 74.",173
"242 - Ram Krishna Chemburkar Marg (West), Chembur, Mumbai-74","Mumbai Public School,Maravali School Compound, M East Divison,BMC School, Ground Floor, Room No-05, R.C.Marg, Chembur, Mumbai - 74.",173
"243 - Ram Krishna Chemburkar Marg (West), Marvali Gaon,Chembur, Mumbai-74","Sindh Cosmopolitan High School & Junior College, Ground Floor, Room No.2, R.C.Marg (West), Marvali Gaon, Chembur, Mumbai-74",173
"244 - Ram Krishna Chemburkar Marg (West), Marvali Gaon,Chembur, Mumbai-74","Sindh Cosmopolitan High School & Junior College, Ground Floor, Room No.3, R.C.Marg (West), Maravali Gaon, Chembur, Mumbai-74",173
"245 - Ram Krishna Chemburkar Marg (West), Marvali Gaon,Chembur, Mumbai-74","Sindh Cosmopolitan High School & Junior College, Ground Floor, Room No.4, R.C.Marg (West), Maravali Gaon, Chembur, Mumbai-74",173
"246 - Ram Krishna Chemburkar Marg (West), Marvali Gaon,Chembur, Mumbai-74","Sindh Cosmopolitan High School & Junior College, Ground Floor, Room No. 5, R.C.Marg (West), Maravali Gaon, Chembur, Mumbai-74",173
"247 - Ram Krishna Chemburkar Marg (West), Marvali Gaon,Chembur, Mumbai-74","Sindh Cosmopolitan High School & Junior College, Ground Pendol, R.C.Marg (West), Maravali Gaon, Chembur, Mumbai-74",173
"248 - Ram Krishna Chemburkar Marg (West), Marvali Gaon,Chembur, Mumbai-74","Sindh Cosmopolitan High School & Junior College, Ground Floor, Room No. 10, R.C.Marg (West), Maravali Gaon, Chembur, Mumbai-74",173
"249 - R.C.F. Colony, Chembur, Mumbai-74","Gangadhar Deshmukh Sabhagruha, R.C.F. Colony, Mumbai-74",173
"250 - Ram Krishna Chemburkar Marg (West), Chembur, Mumbai-74","Smt.Devakibai Bhojaraj Chain Rai Primary School, Collector Colony, Ground Floor, Open Hall-E, R.C.Marg(West) Mumbai 74",173
"251 - Ram Krishna Chemburkar Marg (West), Chembur, Mumbai-74","Smt.Devakibai Bhojaraj Chain Rai Primary School, Collector Colony, Ground Floor, Open Hall-F, R.C.Marg(West) Mumbai 74",173
"252 - Ram Krishna Chemburkar Marg (West), Chembur, Mumbai-74","Smt.Devakibai Bhojaraj Chain Rai Primary School, Collector Colony, Ground Floor, Nursery , R.C.Marg(West) Mumbai 74",173
"253 - Ram Krishna Chemburkar Marg (West), Chembur, Mumbai-74","Smt.Devakibai Bhojaraj Chain Rai Primary School, Collector Colony, Tent 1, R.C.Marg(West) Mumbai 74",173
"254 - Ram Krishna Chemburkar Marg (West), Chembur, Mumbai-74","Smt.Devakibai Bhojaraj Chain Rai Primary School, Collector Colony, Tent 2, R.C.Marg(West) Mumbai 74",173
"255 - Ram Krishna Chemburkar Marg (West), Chembur, Mumbai-74","Smt.Devakibai Bhojaraj Chain Rai Primary School, Collector Colony, Ground Floor, Open Hall-A, R.C.Marg(West) Mumbai 74",173
"256 - Ram Krishna Chemburkar Marg (West), Chembur, Mumbai-74","Smt.Devakibai Bhojaraj Chain Rai Primary School, Collector Colony, Ground Floor, Open Hall-D, R.C.Marg(West) Mumbai 74",173
"257 - Ram Krishna Chemburkar Marg (West), Chembur, Mumbai-74","Smt.Devakibai Bhojaraj Chain Rai Primary School, Collector Colony, Ground Floor, Open Hall-B, R.C.Marg(West) Mumbai 74",173
"258 - Ram Krishna Chemburkar Marg (West), Chembur, Mumbai-74","Smt.Devakibai Bhojaraj Chain Rai Primary School, Collector Colony, Ground Floor, Open Hall-C, R.C.Marg(West) Mumbai 74",173
"259 - Ram Krishna Chemburkar Marg (West), Chembur, Mumbai-74","Smt.Devakibai Bhojaraj Chain Rai Primary School, Collector Colony, Ground Floor, Sport Room, R.C.Marg(West) Mumbai 74",173
"260 - Anik Chembur, Mumbai 74","Shree Narayanrao Acharya Vidya Niketan, Room No. 8, Anik Chembur, Mumbai 74",173
"261 - Anik Chembur, Mumbai 74","Shree Narayanrao Acharya Vidya Niketan, Room No. 11, Anik Chembur, Mumbai 74",173
"262 - Anik Chembur, Mumbai 74","Shree Narayanrao Acharya Vidya Niketan, Room No. 9, Anik Chembur, Mumbai 74",173
"263 - Anik Chembur, Mumbai 74","Shree Narayanrao Acharya Vidya Niketan, Room No.10, Anik Chembur, Mumbai 74",173
"264 - Anik Chembur, Mumbai 74","Shree Narayanrao Acharya Vidya Niketan, Hall-A, Anik Chembur, Mumbai 74",173
"265 - Anik Chembur, Mumbai 74","Shree Narayanrao Acharya Vidya Niketan, Room No. 12, Anik Chembur, Mumbai 74",173
"266 - Anik Chembur, Mumbai 74","Shree Narayanrao Acharya Vidya Niketan, Room No.18, Anik Chembur, Mumbai 74",173
"267 - Anik Chembur, Mumbai 74","Shree Narayanrao Acharya Vidya Niketan, Room No.19, Anik Chembur, Mumbai 74",173
"268 - Anik Chembur, Mumbai 74","Shree Narayanrao Acharya Vidya Niketan, Room No.13, Anik Chembur, Mumbai 74",173
"269 - Anik Chembur, Mumbai 74","Shree Narayanrao Acharya Vidya Niketan, Room No.20, Anik Chembur, Mumbai 74",173
"270 - Anik Chembur, Mumbai 74","Shree Narayanrao Acharya Vidya Niketan, Room No.14, Anik Chembur, Mumbai 74",173
"271 - Anik Chembur, Mumbai 74","Shree Narayanrao Acharya Vidya Niketan, Room No.21, Anik Chembur, Mumbai 74",173
"272 - Anik Chembur, Mumbai 74","Shree Narayanrao Acharya Vidya Niketan, Room No.27, Anik Chembur, Mumbai 74",173
"273 - Anik Chembur, Mumbai 74","Shree Narayanrao Acharya Vidya Niketan, Room No.28, Anik Chembur, Mumbai 74",173
"274 - Anik Chembur, Mumbai 74","Shree Narayanrao Acharya Vidya Niketan, Room No.29, Anik Chembur, Mumbai 74",173
"275 - Anik Chembur, Mumbai 74","Shree Narayanrao Acharya Vidya Niketan Ground, Tent No. 01, Anik Chembur, Mumbai 74",173
"276 - Anik Chembur, Mumbai 74","Shree Narayanrao Acharya Vidya Niketan, Room No.30, Anik Chembur, Mumbai 74",173
"277 - Anik Chembur, Mumbai 74","Shree Narayanrao Acharya Vidya Niketan Ground, Tent No. 02, Anik Chembur, Mumbai 74",173
"278 - Anik Chembur, Mumbai 74","Shree Narayanrao Acharya Vidya Niketan, Room No.31, Anik Chembur, Mumbai 74",173
"279 - Salt Pan Road (North) Wadala (East), Mumbai-37","Old Club House, Next to Mount Alphas Building, Bhakti Park, Salt Pan Road (North), Wadala (East), Mumbai 37",173
"280 - 276-Salt Pan Road (North) Anik Village, Mumbai-37","Old Club House, Next to Mount Alphas Building, Bhakti Park, Ground , Tent 1, Salt Pan Road (North), Anik Village, Mumbai 37",173
"281 - 277-Salt Pan Road (North) Anik Village, Mumbai-37","Old Club House, Next to Mount Alphas Building, Bhakti Park, Ground , Tent 2, Salt Pan Road (North), Anik Village, Mumbai 37",173
"282 - Mahul Gaon, Mumbai-74","Mahul Gaon, Municipal School Campous, Balwadi , Room No. 01, Mahul Gaon, Mumbai-74",173
"283 - Mahul Gaon, Mumbai-74","Mahul Gaon, Municipal School Campous, Balwadi , Room No. 02, Mahul Gaon, Mumbai-74",173
"284 - Mahul Gaon, Mumbai-74","Mahul Municipal School , Room No . 01, Mahul Gaon, Chembur, Mumbai-74",173
"285 - Mahul Gaon, Mumbai-74","Mahul Municipal School , Room No . 02, Mahul Gaon, Chembur, Mumbai-74",173
"286 - Mahul Gaon, Mumbai-74","Mahul Municipal School , Room No . 03, Mahul Gaon, Chembur, Mumbai-74",173
"287 - Mahul Gaon, Mumbai-74","Mahul Municipal School , Room No . 04, Mahul Gaon, Chembur, Mumbai-74",173
"288 - Mahul Gaon, Mumbai-74","Mahul Municipal School , Room No . 05, Mahul Gaon, Chembur, Mumbai-74",173
"289 - Mahul Gaon, Mumbai-74","Mahul Municipal School , Room No . 06, Mahul Gaon, Chembur, Mumbai-74",173
